col,mid_x,mid_y,cosine
0,2839.47,3717.23,0.4665
1,2829.27,3706.09,0.4443
2,2819.17,3694.82,0.4469
3,2809.44,3683.24,0.4328
4,2798.38,3671.72,0.4405
5,2786.32,3660.21,0.4195
6,2774.55,3647.70,0.3882
7,2762.23,3634.99,0.3972
8,2748.08,3621.79,0.4170
9,2732.26,3608.65,0.3732
10,2714.08,3595.70,0.3453
11,2694.49,3582.95,0.3835
12,2674.18,3570.22,0.3843
13,2655.68,3557.16,0.4041
14,2638.24,3544.08,0.4418
15,2622.64,3531.04,0.5180
16,2614.42,3517.37,0.7158
17,2611.19,3503.53,0.9135
18,2615.85,3490.92,0.9746
19,2623.38,3479.62,0.8390
20,2635.65,3470.85,0.8228
21,2647.62,3461.81,0.8166
22,2659.09,3452.52,0.8160
23,2670.48,3443.06,0.8497
24,2681.89,3433.51,0.8803
25,2692.70,3423.00,0.9228
26,2703.49,3412.68,0.9361
27,2714.49,3402.74,0.9512
28,2724.72,3391.58,0.9842
29,2734.52,3379.81,0.9943
30,2744.03,3367.88,1.0000
31,2752.58,3355.77,0.9997
32,2760.34,3344.19,0.9970
33,2769.01,3333.49,0.9907
34,2778.47,3323.03,0.9937
35,2787.36,3312.39,0.9939
36,2795.76,3301.82,0.9907
37,2804.63,3291.66,0.9879
38,2814.04,3282.14,0.9923
39,2823.06,3272.86,0.9855
40,2831.35,3263.33,0.9856
41,2839.98,3254.24,0.9818
42,2849.43,3245.78,0.9826
43,2858.81,3236.79,0.9737
44,2867.83,3227.47,0.9549
45,2876.53,3218.15,0.9513
46,2885.60,3209.28,0.9420
47,2895.35,3201.13,0.9264
48,2905.02,3192.87,0.9377
49,2913.34,3182.95,0.9344
50,2921.39,3172.10,0.9099
51,2930.80,3162.98,0.9333
52,2940.56,3154.26,0.9465
53,2949.65,3144.03,0.9468
54,2958.78,3133.88,0.9324
55,2967.97,3123.52,0.8947
56,2977.26,3112.96,0.8696
57,2986.55,3102.53,0.8339
58,2996.13,3091.59,0.8047
59,3005.62,3080.04,0.8016
60,3014.31,3067.57,0.7701
61,3023.24,3055.35,0.7464
62,3032.83,3043.60,0.7183
63,3042.88,3031.26,0.7275
64,3053.24,3018.55,0.7293
65,3063.83,3005.90,0.6983
66,3074.37,2993.04,0.6587
67,3084.11,2978.98,0.6754
68,3093.59,2965.02,0.6528
69,3102.68,2951.15,0.6831
70,3112.42,2936.99,0.7542
71,3122.40,2922.74,0.8187
72,3133.39,2909.20,0.8114
73,3143.97,2895.47,0.7953
74,3153.62,2881.35,0.7581
75,3164.37,2866.64,0.6866
76,3175.85,2851.51,0.6608
77,3186.83,2836.49,0.6880
78,3197.85,2821.45,0.6888
79,3209.49,2805.87,0.6863
80,3221.26,2790.69,0.6780
81,3233.23,2776.03,0.6451
82,3247.03,2760.69,0.5784
83,3261.61,2745.38,0.5976
84,3279.01,2731.07,0.7757
85,3298.39,2717.96,0.8577
86,3320.79,2706.81,0.8922
87,3347.02,2698.78,0.8939
88,3375.91,2693.01,0.9028
89,3410.24,2689.08,0.9439
90,3445.25,2688.06,0.9989
91,3477.31,2693.43,0.9990
92,3505.01,2699.87,0.9814
93,3528.45,2707.03,0.9709
94,3551.45,2715.13,0.9570
95,3573.92,2724.19,0.9440
96,3593.63,2732.38,0.9726
97,3610.63,2739.95,0.9686
98,3625.42,2747.34,0.9683
99,3640.68,2754.82,0.9750
100,3656.01,2762.24,0.9737
101,3670.85,2769.05,0.9754
102,3684.84,2776.14,0.9525
103,3697.81,2785.61,0.9202
104,3709.45,2797.30,0.8666
105,3720.53,2809.95,0.8158
106,3731.35,2823.68,0.7258
107,3742.28,2838.91,0.5780
108,3753.34,2854.90,0.6226
109,3764.61,2870.18,0.7077
110,3776.18,2883.25,0.7510
111,3788.84,2893.34,0.8826
112,3802.12,2902.72,0.9655
113,3815.96,2912.61,0.9944
114,3830.51,2922.12,0.9988
115,3845.38,2931.69,1.0000
116,3860.28,2941.45,0.9981
117,3875.24,2951.18,0.9960
118,3890.42,2960.76,0.9986
119,3906.00,2970.04,0.9915
120,3920.62,2979.90,0.9710
121,3933.41,2990.96,0.9326
122,3943.56,3003.69,0.9454
123,3952.06,3017.62,0.9444
124,3960.20,3031.91,0.9786
125,3968.88,3045.73,0.9965
126,3978.51,3057.31,0.9999
127,3988.13,3068.73,0.9971
128,3997.56,3080.17,0.9863
129,4005.20,3091.65,0.9845
130,4012.14,3103.33,0.9504
131,4017.01,3115.33,0.8800
132,4020.40,3127.90,0.8404
133,4021.51,3141.35,0.8043
134,4019.36,3156.61,0.7397
135,4015.06,3173.14,0.6720
136,4008.57,3190.61,0.6046
137,4000.67,3208.64,0.5696
138,3988.12,3228.40,0.5723
139,3976.99,3248.68,0.5639
140,3967.36,3269.42,0.5293
141,3960.50,3290.80,0.4559
142,3954.65,3312.24,0.3169
143,3951.00,3332.70,0.3783
144,3947.73,3351.58,0.4673
145,3945.21,3367.39,0.5138
146,3941.69,3384.91,0.4649
147,3937.61,3403.43,0.3620
148,3930.74,3423.84,0.3188
149,3923.83,3443.95,0.3265
150,3918.02,3462.10,0.3846
151,3912.44,3479.36,0.4023
152,3907.00,3495.89,0.4395
153,3901.57,3512.51,0.4628
154,3896.38,3528.98,0.4546
155,3892.63,3544.01,0.5068
156,3888.86,3558.60,0.5651
157,3884.92,3572.36,0.6837
158,3881.36,3584.93,0.7175
159,3878.21,3596.99,0.7111
160,3875.31,3607.56,0.7577
161,3872.81,3617.32,0.8057
162,3871.20,3626.15,0.8138
163,3869.18,3634.50,0.7917
164,3866.74,3642.54,0.7876
165,3864.83,3651.22,0.8045
166,3863.11,3660.11,0.7791
167,3861.05,3668.67,0.8012
168,3859.14,3677.05,0.8068
169,3857.72,3685.57,0.7656
170,3856.31,3693.91,0.7778
171,3854.18,3701.83,0.8093
172,3850.97,3709.61,0.7499
173,3847.80,3717.89,0.7445
174,3845.15,3726.67,0.7329
175,3842.98,3735.36,0.7420
176,3841.31,3744.22,0.7263
177,3839.70,3753.22,0.7833
178,3838.06,3761.72,0.8395
179,3836.42,3770.34,0.8526
180,3834.97,3779.31,0.8528
181,3832.84,3787.97,0.8913
182,3830.27,3796.34,0.8765
183,3828.35,3804.76,0.8786
184,3826.61,3813.30,0.8945
185,3824.80,3821.91,0.9194
186,3822.77,3830.55,0.9474
187,3820.54,3839.24,0.9608
188,3818.89,3848.29,0.9637
189,3817.27,3857.40,0.9702
190,3815.30,3866.57,0.9894
191,3813.50,3875.95,0.9986
192,3812.32,3885.71,0.9989
193,3811.57,3895.68,0.9948
194,3811.08,3905.72,0.9921
195,3810.42,3915.93,0.9889
196,3809.55,3926.02,0.9808
197,3808.63,3935.58,0.9793
198,3808.00,3944.95,0.9661
199,3807.77,3954.26,0.9489
200,3807.45,3963.94,0.9442
201,3807.21,3973.72,0.9388
202,3806.88,3983.58,0.9154
203,3806.58,3993.52,0.9020
204,3806.38,4003.55,0.8900
205,3806.30,4013.97,0.8866
206,3806.20,4024.61,0.8711
207,3806.07,4035.02,0.8803
208,3806.10,4045.47,0.8862
209,3806.64,4056.36,0.8774
210,3807.06,4067.62,0.8723
211,3807.39,4079.28,0.8599
212,3807.68,4091.64,0.8359
213,3807.88,4104.21,0.8133
214,3807.75,4116.94,0.8408
215,3808.32,4129.58,0.8578
216,3810.09,4142.11,0.8524
217,3811.45,4155.81,0.8266
218,3812.60,4170.13,0.7801
219,3814.96,4185.56,0.7416
220,3817.00,4201.31,0.6774
221,3817.99,4217.97,0.5880
222,3821.00,4236.94,0.4770
223,3825.74,4257.84,0.3802
224,3829.12,4278.74,0.3725
225,3832.00,4299.77,0.4254
226,3834.66,4319.95,0.3362
227,3838.24,4341.61,0.3311
228,3842.82,4365.66,0.3987
229,3843.56,4387.16,0.3773
230,3842.74,4407.53,0.3804
231,3841.61,4428.05,0.4519
232,3840.04,4449.15,0.4513
233,3838.03,4470.65,0.3470
234,3836.94,4494.06,0.2885
235,3835.96,4518.67,0.3332
236,3833.89,4536.43,0.5909
237,3831.11,4551.21,0.7730
238,3826.22,4560.44,0.9726
239,3820.09,4565.71,0.9835
240,3812.04,4565.26,0.9384
241,3802.73,4562.59,0.8878
242,3793.30,4557.66,0.7112
243,3782.46,4548.82,0.6081
244,3769.91,4538.74,0.5962
245,3755.65,4528.49,0.5638
246,3740.87,4519.40,0.6474
247,3726.82,4509.96,0.7131
248,3713.70,4501.77,0.7701
249,3701.08,4494.83,0.8123
250,3687.52,4488.56,0.7979
251,3672.98,4482.15,0.8057
252,3658.83,4474.71,0.8377
253,3645.38,4467.35,0.8398
254,3631.88,4460.90,0.8408
255,3618.71,4454.57,0.8731
256,3606.06,4448.13,0.9109
257,3592.83,4441.90,0.9261
258,3579.56,4436.13,0.9310
259,3566.17,4430.83,0.9227
260,3553.06,4425.04,0.9207
261,3540.38,4420.03,0.9310
262,3528.09,4415.71,0.9488
263,3517.05,4411.53,0.9282
264,3506.26,4406.79,0.9253
265,3495.45,4402.03,0.9257
266,3484.94,4397.30,0.9406
267,3474.49,4392.35,0.9400
268,3463.89,4387.28,0.9429
269,3453.86,4381.98,0.9468
270,3444.49,4376.34,0.9362
271,3435.47,4370.83,0.9263
272,3426.48,4365.28,0.8937
273,3417.04,4359.68,0.8472
274,3407.83,4353.72,0.7971
275,3398.73,4347.09,0.7939
276,3389.87,4340.22,0.7728
277,3381.18,4333.25,0.7743
278,3373.16,4326.18,0.8001
279,3365.30,4319.26,0.8326
280,3357.76,4312.79,0.8644
281,3349.88,4306.81,0.8589
282,3341.69,4301.30,0.8412
283,3333.95,4294.85,0.8356
284,3326.36,4288.12,0.8145
285,3319.05,4281.54,0.8316
286,3311.54,4275.04,0.8529
287,3303.74,4268.67,0.8649
288,3295.74,4262.82,0.8691
289,3287.66,4257.21,0.8702
290,3279.94,4250.98,0.9069
291,3272.42,4244.70,0.9216
292,3265.28,4238.38,0.8888
293,3257.68,4232.36,0.9053
294,3249.77,4226.54,0.9369
295,3242.44,4220.88,0.9752
296,3235.13,4215.40,0.9925
297,3227.14,4210.59,0.9967
298,3219.34,4205.73,0.9994
299,3211.83,4200.70,0.9999
300,3204.81,4195.00,0.9998
301,3197.86,4189.13,0.9993
302,3189.50,4184.51,0.9999
303,3181.18,4179.91,0.9998
304,3173.73,4174.58,0.9947
305,3166.00,4169.45,0.9901
306,3157.72,4164.65,0.9883
307,3148.16,4160.15,0.9666
308,3138.50,4155.88,0.9615
309,3129.17,4152.22,0.9435
310,3120.45,4148.30,0.9467
311,3112.46,4143.91,0.9519
312,3104.99,4138.65,0.9607
313,3097.74,4133.06,0.9914
314,3091.30,4126.73,0.9994
315,3085.07,4120.17,0.9945
316,3078.49,4113.81,0.9844
317,3072.05,4107.04,0.9694
318,3066.29,4099.42,0.9601
319,3061.33,4091.40,0.9584
320,3056.07,4083.69,0.9773
321,3050.22,4076.23,0.9944
322,3044.81,4068.46,0.9998
323,3039.74,4060.56,0.9992
324,3034.06,4053.50,1.0000
325,3028.18,4046.47,0.9999
326,3022.78,4038.65,0.9992
327,3017.56,4030.66,0.9917
328,3012.51,4023.21,0.9955
329,3008.21,4015.79,0.9890
330,3004.66,4007.71,0.9806
331,3001.00,3999.61,0.9722
332,2996.80,3991.91,0.9569
333,2992.39,3984.49,0.9486
334,2987.97,3976.71,0.9665
335,2983.85,3967.37,0.9468
336,2979.89,3957.27,0.9639
337,2976.31,3947.03,0.9721
338,2973.13,3936.73,0.9822
339,2970.30,3926.50,0.9885
340,2965.96,3917.18,0.9926
341,2960.60,3908.52,0.9964
342,2956.19,3899.02,0.9980
343,2952.06,3889.30,0.9986
344,2946.94,3879.93,0.9999
345,2941.67,3870.33,0.9998
346,2936.40,3860.34,0.9970
347,2931.12,3850.32,0.9864
348,2925.77,3840.22,0.9596
349,2919.44,3830.19,0.9316
350,2913.28,3819.97,0.9015
351,2908.23,3809.04,0.8476
352,2902.86,3797.78,0.8304
353,2897.11,3786.37,0.8339
354,2890.53,3775.41,0.8314
355,2883.64,3764.45,0.8340
356,2875.95,3752.67,0.7856
357,2868.08,3741.06,0.7425
358,2859.95,3729.75,0.7252
359,2850.07,3722.66,0.5971
