sample_id,volume_id,pixel_size_um,energy_keV,z_direction_is_top_to_bottom,left_handed_coordinates,derived_sense
PHerc0125,20250821151825,9.362,113.0,,False,UNDERIVABLE
PHerc0191,20250821151635,9.362,113.0,False,False,CW
PHerc0211,20250821151803,9.362,113.0,True,False,ACW
PHerc0257,20250821151750,9.362,113.0,False,False,CW
PHerc0268,20251110183117,8.64,116.0,False,False,CW
PHerc0358,20250821151737,9.362,113.0,True,False,ACW
PHerc0800,20250521135224,8.64,116.0,False,False,CW
PHerc0813,20250821151723,9.362,113.0,False,False,CW
PHerc0826,20250821151701,9.362,113.0,True,False,ACW
PHerc0175A,20250521115057,8.64,116.0,True,False,ACW
PHerc0175B,20250521125822,8.64,116.0,True,False,ACW
PHerc0306B,20250521133212,8.64,116.0,True,False,ACW
PHerc0343,20250521140437,8.64,116.0,False,False,CW
PHerc0483A,20250521140913,8.64,116.0,True,False,ACW
PHerc0483B,20251124083638,8.64,116.0,False,False,CW
PHerc0490A,20250521151210,8.64,116.0,,False,UNDERIVABLE
PHerc0490B,20250521151215,8.64,116.0,,False,UNDERIVABLE
PHerc0846A,20250728152254,9.362,113.0,,False,UNDERIVABLE
PHerc1203,20250820131727,9.362,113.0,,False,UNDERIVABLE
PHerc1218,20250521120456,8.64,116.0,False,False,CW
PHerc1447,20250521151220,8.64,116.0,True,False,ACW
PHerc1545,20250821151648,9.362,113.0,True,False,ACW
PHerc0846B,20250804142305,9.362,113.0,False,False,CW
